{
  "config_id": 1,
  "config": {
    "lr_g": 0.0005,
    "lr_d": 0.0001,
    "batch_size": 16,
    "latent_dim": 64,
    "max_epochs": 50,
    "patience": 15,
    "min_delta": 0.001,
    "real_label": 0.9,
    "fake_label": 0.1,
    "noise_std": 0.02,
    "d_train_freq": 1,
    "g_train_freq": 1
  },
  "metrics": {
    "final_g_loss": 1.2041598464114756,
    "final_d_loss": 1.04764054847669,
    "min_g_loss": 0.7137049429024322,
    "training_epochs": 16,
    "training_time": 66.50940418243408,
    "g_loss_std": 0.34011273129272296,
    "d_loss_std": 0.1901474744563233,
    "mode_collapse": false,
    "generation_success": true,
    "character_diversity": 3,
    "repetition_score": 0.6571428571428571,
    "quality_score": 42.027876406292656
  },
  "g_losses": [
    0.7137049429024322,
    0.8221837799005871,
    0.8893295583091204,
    0.8459170068366618,
    1.0434992696288266,
    1.3527307336843466,
    1.3159007660195798,
    1.760236632974842,
    1.8447719335178785,
    1.5406043227714827,
    1.689109957293619,
    1.07873325200775,
    0.8507116606718377,
    0.916133658040928,
    1.0993776072429706,
    1.2041598464114756
  ],
  "d_losses": [
    1.3685822713224194,
    1.274271781685986,
    1.2933368426335008,
    1.281323006258735,
    1.210822568664068,
    0.9528732073457935,
    0.8895686619643923,
    0.7030956813051731,
    0.7307089646405811,
    0.8288182748269431,
    0.803451499229745,
    1.1751949553248249,
    1.2789491203766834,
    1.1447803996786285,
    1.0414771709261061,
    1.04764054847669
  ]
}