{
  "config_id": 2,
  "config": {
    "lr_g": 0.0001,
    "lr_d": 0.0002,
    "batch_size": 16,
    "latent_dim": 64,
    "max_epochs": 50,
    "patience": 15,
    "min_delta": 0.001,
    "real_label": 0.9,
    "fake_label": 0.0,
    "noise_std": 0.0,
    "d_train_freq": 1,
    "g_train_freq": 1
  },
  "metrics": {
    "final_g_loss": 3.4657967494258397,
    "final_d_loss": 0.4299861671803873,
    "min_g_loss": 1.3595951244800906,
    "training_epochs": 17,
    "training_time": 69.07775807380676,
    "g_loss_std": 0.9166556409697386,
    "d_loss_std": 0.05800109735041573,
    "mode_collapse": false,
    "generation_success": true,
    "character_diversity": 2,
    "repetition_score": 0.6214285714285714,
    "quality_score": 73.09838855624994
  },
  "g_losses": [
    2.069265455007553,
    1.3595951244800906,
    2.3601957189885874,
    2.5949228941639766,
    3.444754775943635,
    3.8517213343064998,
    2.9243941488145273,
    3.02457709101182,
    3.00157796732987,
    3.4101515649994716,
    4.293151829816118,
    4.753074516223956,
    5.088414859168137,
    5.378844955299474,
    5.391952086098587,
    4.9518060469174685,
    3.4657967494258397
  ],
  "d_losses": [
    0.7176618381768842,
    0.9030777525298203,
    0.566947583156296,
    0.515841185857978,
    0.4894272134273867,
    0.38251229950898813,
    0.4742933805984787,
    0.5001629136408432,
    0.4603896578655967,
    0.4391921805807307,
    0.3586881432352187,
    0.3443560143814811,
    0.3388356064693837,
    0.33556294196014164,
    0.3343145073969153,
    0.42505525976796693,
    0.4299861671803873
  ]
}