{
  "config_id": 12,
  "config": {
    "lr_g": 0.0005,
    "lr_d": 0.0002,
    "batch_size": 16,
    "latent_dim": 64,
    "max_epochs": 50,
    "patience": 10,
    "min_delta": 0.005,
    "real_label": 0.9,
    "fake_label": 0.0,
    "noise_std": 0.02,
    "d_train_freq": 2,
    "g_train_freq": 1
  },
  "metrics": {
    "final_g_loss": 0.8494603337743615,
    "final_d_loss": 0.665429101714605,
    "min_g_loss": 0.7709612538920173,
    "training_epochs": 11,
    "training_time": 46.30861306190491,
    "g_loss_std": 0.2617988536482097,
    "d_loss_std": 0.07580068453031506,
    "mode_collapse": false,
    "generation_success": true,
    "character_diversity": 4,
    "repetition_score": 0.6928571428571428,
    "quality_score": 32.51788332027038
  },
  "g_losses": [
    0.7709612538920173,
    0.8313900141776362,
    1.0705746050122418,
    1.0119106728064864,
    1.6594976490434212,
    1.444243691578696,
    1.0229422497221186,
    0.865459295767772,
    0.8758827825135822,
    0.9810770710435095,
    0.8494603337743615
  ],
  "d_losses": [
    0.6973113915588283,
    0.6708143949508667,
    0.6377037971080104,
    0.6065209741833844,
    0.42452281487138965,
    0.5136760141276107,
    0.6220272409765026,
    0.6757421214369279,
    0.652527608448946,
    0.606690483002723,
    0.665429101714605
  ]
}