{
  "config_id": 11,
  "config": {
    "lr_g": 0.0005,
    "lr_d": 0.0001,
    "batch_size": 32,
    "latent_dim": 64,
    "max_epochs": 50,
    "patience": 15,
    "min_delta": 0.005,
    "real_label": 0.9,
    "fake_label": 0.1,
    "noise_std": 0.02,
    "d_train_freq": 2,
    "g_train_freq": 1
  },
  "metrics": {
    "final_g_loss": 2.081276990190337,
    "final_d_loss": 0.33001361768456955,
    "min_g_loss": 0.6639383899260171,
    "training_epochs": 27,
    "training_time": 65.60934638977051,
    "g_loss_std": 0.39478125776629397,
    "d_loss_std": 0.1349800093791418,
    "mode_collapse": false,
    "generation_success": true,
    "character_diversity": 3,
    "repetition_score": 0.6571428571428571,
    "quality_score": 51.07239047644913
  },
  "g_losses": [
    0.6881023879292645,
    0.6898283128496967,
    0.6889240764364412,
    0.7297505577908286,
    1.1741666582566272,
    0.8059989432745343,
    0.8627936719339105,
    1.4490182897712611,
    2.0234837460366983,
    1.3052738712558263,
    0.8596721004836166,
    0.6639383899260171,
    0.7926874047593225,
    0.8962288962889321,
    0.8889962140517899,
    0.9038849427730222,
    1.1091974015477337,
    1.5561467182787159,
    1.1912078736703606,
    0.9804240570792669,
    1.797053596641444,
    2.0515430456475365,
    2.078357162354868,
    2.0808750406096252,
    2.0805726775640174,
    2.081559208374989,
    2.081276990190337
  ],
  "d_losses": [
    0.70263753208933,
    0.7039700671087338,
    0.6995562918578522,
    0.6940008537678779,
    0.5780475101893461,
    0.6816487832914425,
    0.6251666025270389,
    0.5017217873018,
    0.3547834271117102,
    0.5497789239581627,
    0.6349464971807939,
    0.6996626582326768,
    0.6268536486203158,
    0.6508343431014049,
    0.6219651321821575,
    0.5789457318149035,
    0.4933951859232746,
    0.3768957408168648,
    0.5434483659418323,
    0.7592654371563392,
    0.4690536320963992,
    0.3324252321750303,
    0.3302111919922165,
    0.33013995991477485,
    0.33019765871989576,
    0.330058865909335,
    0.33001361768456955
  ]
}