{
  "config_id": 28,
  "config": {
    "lr_g": 0.0005,
    "lr_d": 0.0001,
    "batch_size": 64,
    "latent_dim": 100,
    "max_epochs": 50,
    "patience": 10,
    "min_delta": 0.001,
    "real_label": 1.0,
    "fake_label": 0.0,
    "noise_std": 0.0,
    "d_train_freq": 2,
    "g_train_freq": 1
  },
  "metrics": {
    "final_g_loss": 1.323633897304535,
    "final_d_loss": 0.3493018075823784,
    "min_g_loss": 0.6549382731318474,
    "training_epochs": 21,
    "training_time": 44.26752185821533,
    "g_loss_std": 0.18890538623430458,
    "d_loss_std": 0.11678690652843883,
    "mode_collapse": false,
    "generation_success": true,
    "character_diversity": 2,
    "repetition_score": 0.6214285714285714,
    "quality_score": 48.03800876135973
  },
  "g_losses": [
    0.6940688610076904,
    0.6839652583003044,
    0.6899018719792366,
    0.7003227651119233,
    0.7104157701134681,
    0.6732239499688148,
    0.7177086293697357,
    0.7512869909405708,
    0.7441077679395676,
    0.7736374452710152,
    0.6549382731318474,
    0.7333885908126831,
    0.8851987451314927,
    0.8572564054280519,
    0.7869329184293747,
    0.7378272190690041,
    0.8007590904831886,
    1.0683419659733773,
    1.128866894543171,
    1.085987950861454,
    1.323633897304535
  ],
  "d_losses": [
    0.6963766694068909,
    0.7062068462371827,
    0.698514324426651,
    0.6925452947616577,
    0.6850063800811768,
    0.6929503500461578,
    0.6758802235126495,
    0.6787644505500794,
    0.6855413287878036,
    0.6516809821128845,
    0.6850869238376618,
    0.6704320281744003,
    0.5531023621559144,
    0.7244094789028168,
    0.6890761971473693,
    0.6760142624378205,
    0.6248348385095597,
    0.5169973015785218,
    0.4733863115310669,
    0.45592422783374786,
    0.3493018075823784
  ]
}