{
  "config_id": 50,
  "config": {
    "lr_g": 0.0002,
    "lr_d": 0.0001,
    "batch_size": 16,
    "latent_dim": 100,
    "max_epochs": 50,
    "patience": 15,
    "min_delta": 0.005,
    "real_label": 0.9,
    "fake_label": 0.1,
    "noise_std": 0.0,
    "d_train_freq": 2,
    "g_train_freq": 1
  },
  "metrics": {
    "final_g_loss": 1.870785471759265,
    "final_d_loss": 0.3530920562864859,
    "min_g_loss": 0.6713588958299612,
    "training_epochs": 16,
    "training_time": 67.88454914093018,
    "g_loss_std": 0.3688102902789942,
    "d_loss_std": 0.10880838654739787,
    "mode_collapse": false,
    "generation_success": true,
    "character_diversity": 1,
    "repetition_score": 0.5857142857142857,
    "quality_score": 59.980477597559045
  },
  "g_losses": [
    0.6713588958299612,
    0.698085185847705,
    0.754453119220613,
    1.008458769019646,
    1.4818271888962276,
    1.544536998000326,
    1.5098234415054321,
    1.7114896517765672,
    1.8056820925277999,
    1.8843584287015698,
    1.8480587526212764,
    0.8879762657835514,
    0.9170550734181947,
    1.2560919251623033,
    1.7467556754245033,
    1.870785471759265
  ],
  "d_losses": [
    0.674033301540568,
    0.6793712800062155,
    0.6454406795622427,
    0.5512644946575165,
    0.4291706828376915,
    0.4589125668700737,
    0.4031067581116399,
    0.3693318653710281,
    0.3524826553803456,
    0.34382633317874955,
    0.34730517298360414,
    0.6866633205474177,
    0.5638669287856621,
    0.46245099472094187,
    0.37392559685284577,
    0.3530920562864859
  ]
}