{
  "config_id": 10,
  "config": {
    "lr_g": 0.0001,
    "lr_d": 0.0001,
    "batch_size": 64,
    "latent_dim": 128,
    "max_epochs": 50,
    "patience": 15,
    "min_delta": 0.005,
    "real_label": 0.9,
    "fake_label": 0.1,
    "noise_std": 0.02,
    "d_train_freq": 2,
    "g_train_freq": 1
  },
  "metrics": {
    "final_g_loss": 0.8573009997606278,
    "final_d_loss": 0.5891789048910141,
    "min_g_loss": 0.618749275803566,
    "training_epochs": 21,
    "training_time": 35.49249458312988,
    "g_loss_std": 0.15505711133326558,
    "d_loss_std": 0.050146872096806384,
    "mode_collapse": false,
    "generation_success": true,
    "character_diversity": 3,
    "repetition_score": 0.6214285714285714,
    "quality_score": 41.20543841141546
  },
  "g_losses": [
    0.9020256727933884,
    0.7851698204874993,
    0.7237111881375313,
    0.7307296797633172,
    0.754585537314415,
    0.618749275803566,
    0.7722893878817558,
    0.7546293035149574,
    0.7256421908736229,
    0.8360473796725273,
    0.9396834298968315,
    1.0580334022641182,
    1.1593240931630135,
    0.9608525320887565,
    0.7103998437523842,
    0.6856912940740585,
    0.7057289883494378,
    0.7410337299108505,
    0.7632178127765655,
    0.7971075475215912,
    0.8573009997606278
  ],
  "d_losses": [
    0.6139821827411651,
    0.6062383234500885,
    0.6656258761882782,
    0.6544737219810486,
    0.639995014667511,
    0.7211794376373291,
    0.6237031817436218,
    0.6677452266216278,
    0.6425443202257156,
    0.5819635272026062,
    0.5475345134735108,
    0.6797534048557281,
    0.7701421782374382,
    0.6525115877389908,
    0.7238016426563263,
    0.7294930696487427,
    0.7032122552394867,
    0.6695966869592667,
    0.654661825299263,
    0.6314043968915939,
    0.5891789048910141
  ]
}