{
  "config_id": 23,
  "config": {
    "lr_g": 0.0002,
    "lr_d": 0.0002,
    "batch_size": 64,
    "latent_dim": 100,
    "max_epochs": 50,
    "patience": 10,
    "min_delta": 0.001,
    "real_label": 1.0,
    "fake_label": 0.0,
    "noise_std": 0.02,
    "d_train_freq": 2,
    "g_train_freq": 1
  },
  "metrics": {
    "final_g_loss": 0.9842900887131691,
    "final_d_loss": 0.5431821197271347,
    "min_g_loss": 0.7063245132565499,
    "training_epochs": 21,
    "training_time": 37.97200918197632,
    "g_loss_std": 0.1820296225483033,
    "d_loss_std": 0.2037575910291691,
    "mode_collapse": false,
    "generation_success": true,
    "character_diversity": 2,
    "repetition_score": 0.6214285714285714,
    "quality_score": 44.61019185701606
  },
  "g_losses": [
    0.8543680518865585,
    0.7633586436510086,
    0.7177708961069584,
    0.7708178982138634,
    0.725222972035408,
    0.9075256213545799,
    0.8566378011368215,
    1.2958668664097786,
    0.83958505326882,
    0.9585071414709091,
    0.7063245132565499,
    0.7506741136312485,
    0.8717590764164924,
    0.963751719892025,
    1.0366572201251985,
    1.2998972713947297,
    1.4047330360277557,
    1.058042262494564,
    1.119986491650343,
    0.9800617590546608,
    0.9842900887131691
  ],
  "d_losses": [
    0.5906953975558281,
    0.6238937675952911,
    0.6638140916824341,
    0.6789337947964669,
    0.6524822920560837,
    0.5503069072961807,
    0.9473089426755905,
    0.511182376742363,
    0.8677696064114571,
    0.6796153157949447,
    0.6839924395084381,
    0.6508576601743699,
    0.558238360285759,
    0.469283863902092,
    0.36846513003110887,
    0.4268621228635311,
    1.1413735993206502,
    0.655667993426323,
    0.7070327550172806,
    0.5813569724559784,
    0.5431821197271347
  ]
}