{
  "config_id": 42,
  "config": {
    "lr_g": 0.0001,
    "lr_d": 0.0002,
    "batch_size": 32,
    "latent_dim": 100,
    "max_epochs": 50,
    "patience": 15,
    "min_delta": 0.001,
    "real_label": 1.0,
    "fake_label": 0.0,
    "noise_std": 0.02,
    "d_train_freq": 2,
    "g_train_freq": 1
  },
  "metrics": {
    "final_g_loss": 2.048668166999764,
    "final_d_loss": 0.5442493448529062,
    "min_g_loss": 0.823870491377915,
    "training_epochs": 23,
    "training_time": 64.7941575050354,
    "g_loss_std": 0.3200889282573746,
    "d_loss_std": 0.19324362648478202,
    "mode_collapse": false,
    "generation_success": true,
    "character_diversity": 3,
    "repetition_score": 0.6214285714285714,
    "quality_score": 53.94426916842737
  },
  "g_losses": [
    1.4726904034614563,
    1.1633960340596452,
    0.8281024558634698,
    1.0781713920303537,
    1.3780154372695126,
    1.3154798572576498,
    1.1798428818583488,
    0.823870491377915,
    0.9094682848906215,
    1.265585968388787,
    1.073378095143958,
    0.975664284410356,
    1.2433087961583198,
    1.6070912903221914,
    0.9013546659976621,
    1.2937935168230081,
    1.2719508650936657,
    1.7089687344394153,
    1.693699622173098,
    1.2341720197774186,
    1.4506471836114232,
    1.8240225134016592,
    2.048668166999764
  ],
  "d_losses": [
    0.46078588841836665,
    0.4730047904237916,
    0.6643753210200539,
    0.4780161260049554,
    0.6158027728147144,
    0.3753022966505606,
    0.9267026159582259,
    0.5571159245092657,
    0.5670122330701803,
    0.5283681350418284,
    0.5735243785230419,
    0.5355482644672636,
    0.36162065327922,
    0.8783291736735573,
    0.5891934248465526,
    0.2871984790397596,
    0.385585755109787,
    0.3208897162841845,
    0.6227181965037237,
    0.4004072245163254,
    0.3272546978690956,
    0.19068690002719058,
    0.5442493448529062
  ]
}