{
  "config_id": 34,
  "config": {
    "lr_g": 0.0002,
    "lr_d": 0.0002,
    "batch_size": 16,
    "latent_dim": 128,
    "max_epochs": 50,
    "patience": 10,
    "min_delta": 0.005,
    "real_label": 1.0,
    "fake_label": 0.1,
    "noise_std": 0.02,
    "d_train_freq": 2,
    "g_train_freq": 1
  },
  "metrics": {
    "final_g_loss": 0.808269522612608,
    "final_d_loss": 0.6059932652153547,
    "min_g_loss": 0.7582089817033538,
    "training_epochs": 12,
    "training_time": 50.866103172302246,
    "g_loss_std": 0.1702565866384097,
    "d_loss_std": 0.06346503201338247,
    "mode_collapse": false,
    "generation_success": true,
    "character_diversity": 4,
    "repetition_score": 0.8,
    "quality_score": 20.933978159318126
  },
  "g_losses": [
    0.7956755557392217,
    0.7582089817033538,
    0.8743282330187061,
    0.8017201482943153,
    1.0625834117961834,
    1.230973008053401,
    0.9125136924506743,
    1.2310042065462168,
    0.8208696834648712,
    0.8308456042144872,
    1.1614530908910534,
    0.808269522612608
  ],
  "d_losses": [
    0.626060162163988,
    0.6366631962076018,
    0.618229480483864,
    0.6677830694596979,
    0.4984484133841116,
    0.5512264699121064,
    0.5479290191131302,
    0.5002824637708785,
    0.6485213414777683,
    0.6097472921202455,
    0.4772930431969558,
    0.6059932652153547
  ]
}