{
  "config_id": 45,
  "config": {
    "lr_g": 0.0002,
    "lr_d": 0.0001,
    "batch_size": 16,
    "latent_dim": 128,
    "max_epochs": 50,
    "patience": 10,
    "min_delta": 0.001,
    "real_label": 0.9,
    "fake_label": 0.0,
    "noise_std": 0.02,
    "d_train_freq": 2,
    "g_train_freq": 1
  },
  "metrics": {
    "final_g_loss": 1.245637999682487,
    "final_d_loss": 0.4918512347378308,
    "min_g_loss": 0.7728489731686025,
    "training_epochs": 11,
    "training_time": 46.89957070350647,
    "g_loss_std": 0.1456348929976591,
    "d_loss_std": 0.05413854673698406,
    "mode_collapse": false,
    "generation_success": true,
    "character_diversity": 4,
    "repetition_score": 0.6928571428571428,
    "quality_score": 35.89884017609888
  },
  "g_losses": [
    0.7728489731686025,
    0.7813959272601937,
    1.0646516922154003,
    0.8370047456856016,
    0.998447832238825,
    1.1849633317582215,
    1.0939413459995124,
    1.0906456333549717,
    0.855075948223283,
    1.079427248880833,
    1.245637999682487
  ],
  "d_losses": [
    0.6726806782468965,
    0.6727142039733597,
    0.6054071667073648,
    0.6241186234769942,
    0.6771401129191434,
    0.5850483918491798,
    0.5754405011104632,
    0.570089604281172,
    0.6333554394637482,
    0.5455193545999406,
    0.4918512347378308
  ]
}