{
  "config_id": 41,
  "config": {
    "lr_g": 0.0005,
    "lr_d": 0.0002,
    "batch_size": 32,
    "latent_dim": 128,
    "max_epochs": 50,
    "patience": 15,
    "min_delta": 0.005,
    "real_label": 1.0,
    "fake_label": 0.0,
    "noise_std": 0.0,
    "d_train_freq": 2,
    "g_train_freq": 1
  },
  "metrics": {
    "final_g_loss": 5.283906882322287,
    "final_d_loss": 0.006206090603306701,
    "min_g_loss": 0.6928126042402243,
    "training_epochs": 16,
    "training_time": 43.4217529296875,
    "g_loss_std": 1.5021063299579573,
    "d_loss_std": 0.24534284800332123,
    "mode_collapse": false,
    "generation_success": true,
    "character_diversity": 1,
    "repetition_score": 0.5857142857142857,
    "quality_score": 99.77817190158407
  },
  "g_losses": [
    0.6928126042402243,
    0.7315782919714723,
    0.7546680403661125,
    0.7135462451584732,
    0.8193094785549219,
    0.8971083767806427,
    0.9072541443607475,
    1.273265752611281,
    1.421323778499743,
    2.393377761297588,
    2.937352903281586,
    3.687884569168091,
    4.177158742011348,
    4.479537351221978,
    4.805701823174199,
    5.283906882322287
  ],
  "d_losses": [
    0.6918798730343203,
    0.6929483489145206,
    0.6714675109597701,
    0.6788528704945045,
    0.7556788664829882,
    0.6082705885549134,
    0.6170199075831643,
    0.39070902670486063,
    0.655560235056696,
    0.14383966202222848,
    0.08195092623369603,
    0.0345509935736279,
    0.02114106453012062,
    0.014690574977688397,
    0.010719527956098318,
    0.006206090603306701
  ]
}