{
  "config_id": 17,
  "config": {
    "lr_g": 0.0002,
    "lr_d": 0.0002,
    "batch_size": 16,
    "latent_dim": 64,
    "max_epochs": 50,
    "patience": 10,
    "min_delta": 0.001,
    "real_label": 0.9,
    "fake_label": 0.0,
    "noise_std": 0.0,
    "d_train_freq": 1,
    "g_train_freq": 1
  },
  "metrics": {
    "final_g_loss": 5.582693093939673,
    "final_d_loss": 0.3357800256602372,
    "min_g_loss": 1.230301197193846,
    "training_epochs": 13,
    "training_time": 53.663841009140015,
    "g_loss_std": 1.178355341870641,
    "d_loss_std": 0.15467396147654827,
    "mode_collapse": false,
    "generation_success": true,
    "character_diversity": 3,
    "repetition_score": 0.9071428571428573,
    "quality_score": 65.0044219344642
  },
  "g_losses": [
    1.7285499663292607,
    1.3344619127014015,
    1.230301197193846,
    1.7436033698576916,
    1.821957636483108,
    2.070083269590064,
    2.0573019241984887,
    3.063658513600313,
    3.402637727652924,
    2.036382357530956,
    3.3711190268963196,
    4.145603496817094,
    5.582693093939673
  ],
  "d_losses": [
    0.8882193093812918,
    1.0169227045925358,
    1.0561160592338708,
    0.7791409445337102,
    0.7342103366987615,
    0.634132122314429,
    0.756284518898288,
    0.4577331427909151,
    0.48916404816923265,
    0.6677727271107179,
    0.4243765429982656,
    0.41199243125281754,
    0.3357800256602372
  ]
}