{
  "config_id": 38,
  "config": {
    "lr_g": 0.0005,
    "lr_d": 0.0005,
    "batch_size": 16,
    "latent_dim": 128,
    "max_epochs": 50,
    "patience": 10,
    "min_delta": 0.005,
    "real_label": 0.9,
    "fake_label": 0.0,
    "noise_std": 0.0,
    "d_train_freq": 2,
    "g_train_freq": 1
  },
  "metrics": {
    "final_g_loss": 4.84280147431772,
    "final_d_loss": 0.1710330432728876,
    "min_g_loss": 1.1581160146978837,
    "training_epochs": 12,
    "training_time": 56.17254137992859,
    "g_loss_std": 1.334696718845966,
    "d_loss_std": 0.15707428414642316,
    "mode_collapse": false,
    "generation_success": true,
    "character_diversity": 1,
    "repetition_score": 0.5857142857142857,
    "quality_score": 94.53006976597845
  },
  "g_losses": [
    1.321452509941934,
    1.1581160146978837,
    1.2706751531060738,
    1.5576210946221896,
    1.6295225337336334,
    1.6876110283634331,
    2.036545721413214,
    3.1753969117055965,
    3.6774441803557965,
    4.35562041892281,
    4.619452856764009,
    4.84280147431772
  ],
  "d_losses": [
    0.5669003566609153,
    0.5372811246521866,
    0.5782621849941302,
    0.486386725231062,
    0.46415193020542966,
    0.5270925383024578,
    0.32998874651480326,
    0.2112391902298867,
    0.197204127907753,
    0.17979404688635958,
    0.1742545470029493,
    0.1710330432728876
  ]
}