{
  "config_id": 44,
  "config": {
    "lr_g": 0.0002,
    "lr_d": 0.0002,
    "batch_size": 16,
    "latent_dim": 64,
    "max_epochs": 50,
    "patience": 10,
    "min_delta": 0.001,
    "real_label": 0.9,
    "fake_label": 0.1,
    "noise_std": 0.02,
    "d_train_freq": 1,
    "g_train_freq": 1
  },
  "metrics": {
    "final_g_loss": 1.6349829352354701,
    "final_d_loss": 0.8384890114959282,
    "min_g_loss": 1.0877236667313153,
    "training_epochs": 11,
    "training_time": 56.88397765159607,
    "g_loss_std": 0.15007156053979895,
    "d_loss_std": 0.11563657618529116,
    "mode_collapse": false,
    "generation_success": true,
    "character_diversity": 8,
    "repetition_score": 0.9428571428571428,
    "quality_score": 6.814472869339411
  },
  "g_losses": [
    1.0877236667313153,
    1.4610500699734386,
    1.3997591045461124,
    1.176992141370532,
    1.6116332004341898,
    1.4502620998817155,
    1.2397778162473365,
    1.5090556220163274,
    1.5840637065187286,
    1.608553874718992,
    1.6349829352354701
  ],
  "d_losses": [
    1.0956841020644466,
    1.0574522999268543,
    0.9635779865180389,
    1.062177737302418,
    0.7861526536790631,
    1.1207147640517996,
    1.0832648194288905,
    0.8921766413163535,
    0.8809245655053779,
    0.8270380297039128,
    0.8384890114959282
  ]
}