{
  "config_id": 47,
  "config": {
    "lr_g": 0.0001,
    "lr_d": 0.0002,
    "batch_size": 32,
    "latent_dim": 100,
    "max_epochs": 50,
    "patience": 10,
    "min_delta": 0.005,
    "real_label": 1.0,
    "fake_label": 0.0,
    "noise_std": 0.0,
    "d_train_freq": 2,
    "g_train_freq": 1
  },
  "metrics": {
    "final_g_loss": 2.788486992256551,
    "final_d_loss": 0.12584216850279253,
    "min_g_loss": 0.7845981664295438,
    "training_epochs": 20,
    "training_time": 52.72388005256653,
    "g_loss_std": 0.5497019046937972,
    "d_loss_std": 0.13840490421110876,
    "mode_collapse": false,
    "generation_success": true,
    "character_diversity": 4,
    "repetition_score": 0.8714285714285714,
    "quality_score": 35.49052230317735
  },
  "g_losses": [
    1.4614983374559427,
    0.9831589426420912,
    0.9876479234876512,
    0.9483010464736933,
    0.7965956458562538,
    0.8282701984236512,
    1.1037105925475494,
    0.8030974091608313,
    0.9671255229394647,
    0.7845981664295438,
    1.1306251838237424,
    1.0581908754155607,
    1.285150084314467,
    1.5202562371386756,
    1.9263771828971332,
    1.6681101035468187,
    1.9758207466028914,
    1.9826191437395313,
    2.57849431792392,
    2.788486992256551
  ],
  "d_losses": [
    0.299974862156035,
    0.5638940006117278,
    0.5298396341408356,
    0.7943141339700434,
    0.6668563854845264,
    0.6387819413897358,
    0.5549340625352497,
    0.7451851752739919,
    0.588546448116061,
    0.6386051177978516,
    0.4731014491636542,
    0.5384939667544787,
    0.40849266927453537,
    0.32033564961409267,
    0.34992162732383875,
    0.39324681828670865,
    0.20290846915184696,
    0.22465476752082003,
    0.10523657613917242,
    0.12584216850279253
  ]
}