{
  "config_id": 49,
  "config": {
    "lr_g": 0.0005,
    "lr_d": 0.0002,
    "batch_size": 16,
    "latent_dim": 128,
    "max_epochs": 50,
    "patience": 10,
    "min_delta": 0.001,
    "real_label": 1.0,
    "fake_label": 0.1,
    "noise_std": 0.02,
    "d_train_freq": 1,
    "g_train_freq": 1
  },
  "metrics": {
    "final_g_loss": 2.2321475970594187,
    "final_d_loss": 0.3355393507812597,
    "min_g_loss": 0.6833356483073174,
    "training_epochs": 11,
    "training_time": 55.206159591674805,
    "g_loss_std": 0.38752466151113657,
    "d_loss_std": 0.2819149861704079,
    "mode_collapse": false,
    "generation_success": true,
    "character_diversity": 5,
    "repetition_score": 0.7285714285714286,
    "quality_score": 41.401956421007
  },
  "g_losses": [
    0.6833356483073174,
    1.0797483014485127,
    1.5079415561277656,
    1.986705174928979,
    1.7357695132871218,
    2.235863243100009,
    1.7911566661883005,
    2.256442721131482,
    2.289071902444091,
    2.2778361054915415,
    2.2321475970594187
  ],
  "d_losses": [
    1.3066607004479518,
    1.163734723684154,
    1.0281091541806353,
    0.5382562841795668,
    0.6340461944854712,
    0.5846936823446539,
    0.5004433238808113,
    0.3297399787963191,
    0.3267078282712381,
    0.34405242453647567,
    0.3355393507812597
  ]
}