{
  "config_id": 13,
  "config": {
    "lr_g": 0.0005,
    "lr_d": 0.0005,
    "batch_size": 32,
    "latent_dim": 100,
    "max_epochs": 50,
    "patience": 10,
    "min_delta": 0.001,
    "real_label": 1.0,
    "fake_label": 0.1,
    "noise_std": 0.0,
    "d_train_freq": 1,
    "g_train_freq": 1
  },
  "metrics": {
    "final_g_loss": 2.1853082602537133,
    "final_d_loss": 0.34357125359245494,
    "min_g_loss": 1.1116869166682037,
    "training_epochs": 11,
    "training_time": 28.879234790802002,
    "g_loss_std": 0.2925175538173311,
    "d_loss_std": 0.2521448551135462,
    "mode_collapse": false,
    "generation_success": true,
    "character_diversity": 2,
    "repetition_score": 0.6571428571428571,
    "quality_score": 53.60138465733807
  },
  "g_losses": [
    1.1116869166682037,
    1.1312784906948292,
    1.6650014546098588,
    1.5940909279581112,
    2.1473214188708534,
    1.8579025200650663,
    1.9401160516316378,
    1.9006079058103924,
    1.9135225649121441,
    2.011637849143789,
    2.1853082602537133
  ],
  "d_losses": [
    1.1760888303382486,
    1.1303521232514442,
    0.8666819715047185,
    1.013102261325981,
    0.806320833254464,
    0.6408962426306326,
    0.5963223037085955,
    0.6198055604590645,
    0.4297409570669826,
    0.3912690330909777,
    0.34357125359245494
  ]
}