{
  "config_id": 8,
  "config": {
    "lr_g": 0.0001,
    "lr_d": 0.0002,
    "batch_size": 16,
    "latent_dim": 128,
    "max_epochs": 50,
    "patience": 15,
    "min_delta": 0.01,
    "real_label": 0.9,
    "fake_label": 0.1,
    "noise_std": 0.02,
    "d_train_freq": 2,
    "g_train_freq": 1
  },
  "metrics": {
    "final_g_loss": 1.741943480847757,
    "final_d_loss": 0.3736153531678115,
    "min_g_loss": 0.9270774316561373,
    "training_epochs": 17,
    "training_time": 65.79413604736328,
    "g_loss_std": 0.15724501401329324,
    "d_loss_std": 0.05697018693139732,
    "mode_collapse": false,
    "generation_success": true,
    "character_diversity": 4,
    "repetition_score": 0.7285714285714286,
    "quality_score": 37.348517021401165
  },
  "g_losses": [
    1.075478953651235,
    0.9270774316561373,
    1.3505772567248042,
    1.2078429034239129,
    1.4480447346651102,
    1.592367111882077,
    1.6098921355567402,
    1.3717456490178652,
    1.2012304890004895,
    1.5916237427464015,
    1.317808835944043,
    1.3266465513012078,
    1.4242845049387292,
    1.5543638562099844,
    1.4322635233402252,
    1.623592840342582,
    1.741943480847757
  ],
  "d_losses": [
    0.5241683083999006,
    0.5927083688446239,
    0.5158027557632591,
    0.48105133485190477,
    0.5491537500785876,
    0.3798017648956444,
    0.4036341600025756,
    0.45274764450290533,
    0.5793656657768201,
    0.4505735530128962,
    0.4191455810884886,
    0.5148317911956883,
    0.4064606522457509,
    0.44522607439680945,
    0.43995648886584027,
    0.3976026645189599,
    0.3736153531678115
  ]
}