{
  "config_id": 40,
  "config": {
    "lr_g": 0.0005,
    "lr_d": 0.0002,
    "batch_size": 16,
    "latent_dim": 100,
    "max_epochs": 50,
    "patience": 15,
    "min_delta": 0.005,
    "real_label": 1.0,
    "fake_label": 0.0,
    "noise_std": 0.0,
    "d_train_freq": 1,
    "g_train_freq": 1
  },
  "metrics": {
    "final_g_loss": 7.238798298413241,
    "final_d_loss": 0.0017123622595055523,
    "min_g_loss": 1.2094748895379561,
    "training_epochs": 16,
    "training_time": 80.43716931343079,
    "g_loss_std": 1.2632252904750483,
    "d_loss_std": 0.08577487708657767,
    "mode_collapse": false,
    "generation_success": true,
    "character_diversity": 1,
    "repetition_score": 0.5857142857142857,
    "quality_score": 118.13268086507907
  },
  "g_losses": [
    1.2094748895379561,
    1.2876196058490608,
    2.068861243656919,
    2.5546304274208937,
    3.625849978833259,
    4.044919347461266,
    3.620455576649195,
    3.5208954094331477,
    4.619532607778718,
    5.2408600758902635,
    5.729489284225657,
    6.128130858457541,
    6.384895312635204,
    6.730098223384423,
    6.924070406563675,
    7.238798298413241
  ],
  "d_losses": [
    1.1170011011388483,
    0.8992143726990193,
    0.6823920583989047,
    0.3661917907574886,
    0.0827960222016407,
    0.25497042746695725,
    0.28877182049040173,
    0.09565944754506779,
    0.02517942213040741,
    0.013004199640023747,
    0.007643873249976365,
    0.0049806025344878435,
    0.003985146318468018,
    0.0028268934376360967,
    0.0021554798402092594,
    0.0017123622595055523
  ]
}