{
  "config_id": 30,
  "config": {
    "lr_g": 0.0005,
    "lr_d": 0.0001,
    "batch_size": 32,
    "latent_dim": 128,
    "max_epochs": 50,
    "patience": 15,
    "min_delta": 0.01,
    "real_label": 0.9,
    "fake_label": 0.0,
    "noise_std": 0.0,
    "d_train_freq": 2,
    "g_train_freq": 1
  },
  "metrics": {
    "final_g_loss": 1.6611003366452228,
    "final_d_loss": 0.5960677537737014,
    "min_g_loss": 0.7097614105743698,
    "training_epochs": 16,
    "training_time": 42.061211585998535,
    "g_loss_std": 0.36660157957869355,
    "d_loss_std": 0.1259635253594323,
    "mode_collapse": false,
    "generation_success": true,
    "character_diversity": 1,
    "repetition_score": 0.5857142857142857,
    "quality_score": 57.87258269291712
  },
  "g_losses": [
    0.7097614105743698,
    0.7456268947335738,
    0.8739789746984651,
    0.731195568283902,
    0.7934564978261537,
    0.7888655504093894,
    0.8539182634293279,
    0.9065300392199166,
    0.8880987291849112,
    0.8588080021399486,
    0.8476969064036503,
    0.8053950056245055,
    0.8548883335499824,
    1.1994673292848128,
    1.8832306484632855,
    1.6611003366452228
  ],
  "d_losses": [
    0.6993974854674521,
    0.6964729797991016,
    0.6536670960957491,
    0.7038288403160965,
    0.692487688004216,
    0.6864222605017167,
    0.6618641750721992,
    0.6187862188001222,
    0.7653720378875732,
    0.6658108656919455,
    0.6999912231783324,
    0.6642718647099748,
    0.6589488470101659,
    0.46387559477287005,
    0.3039616040791137,
    0.5960677537737014
  ]
}