{
  "config_id": 18,
  "config": {
    "lr_g": 0.0001,
    "lr_d": 0.0001,
    "batch_size": 16,
    "latent_dim": 128,
    "max_epochs": 50,
    "patience": 15,
    "min_delta": 0.005,
    "real_label": 0.9,
    "fake_label": 0.1,
    "noise_std": 0.0,
    "d_train_freq": 1,
    "g_train_freq": 1
  },
  "metrics": {
    "final_g_loss": 1.9070080809200867,
    "final_d_loss": 0.7667962821978557,
    "min_g_loss": 1.0094580212725868,
    "training_epochs": 19,
    "training_time": 77.37516927719116,
    "g_loss_std": 0.17708474433735497,
    "d_loss_std": 0.07170372419768012,
    "mode_collapse": false,
    "generation_success": true,
    "character_diversity": 2,
    "repetition_score": 0.9071428571428573,
    "quality_score": 25.241218816601915
  },
  "g_losses": [
    1.0729444792753533,
    1.4625331827356844,
    1.14146212007426,
    1.0094580212725868,
    1.3870045648345464,
    1.768895715852327,
    1.488585960638674,
    1.163970149393323,
    1.4875155830685096,
    1.6802834008313432,
    1.640753504596179,
    1.536467208137995,
    1.9503648763970485,
    1.9776918805098231,
    2.00457075577748,
    2.018251406995556,
    2.031512676915036,
    2.0401705888253225,
    1.9070080809200867
  ],
  "d_losses": [
    1.0400743793837632,
    0.8424866150451612,
    1.1635036792936204,
    1.042493201132062,
    0.8886147963849804,
    0.7636447447010234,
    0.9870144381553312,
    0.9881899077681047,
    0.8281745084478885,
    0.7769294162339802,
    0.8262723876705652,
    0.8656957783276522,
    0.7045716715009906,
    0.6809205639211438,
    0.6707475468327727,
    0.6654397581197038,
    0.6624136563343338,
    0.6598907746846163,
    0.7667962821978557
  ]
}