{
  "config_id": 32,
  "config": {
    "lr_g": 0.0002,
    "lr_d": 0.0001,
    "batch_size": 64,
    "latent_dim": 128,
    "max_epochs": 50,
    "patience": 15,
    "min_delta": 0.005,
    "real_label": 1.0,
    "fake_label": 0.1,
    "noise_std": 0.0,
    "d_train_freq": 1,
    "g_train_freq": 1
  },
  "metrics": {
    "final_g_loss": 2.2978826105594634,
    "final_d_loss": 0.3259301699697971,
    "min_g_loss": 0.5993236407637597,
    "training_epochs": 18,
    "training_time": 37.71789860725403,
    "g_loss_std": 0.5508435682261402,
    "d_loss_std": 0.28278794637686344,
    "mode_collapse": false,
    "generation_success": true,
    "character_diversity": 3,
    "repetition_score": 0.9428571428571428,
    "quality_score": 25.44732966101105
  },
  "g_losses": [
    0.8487293124198914,
    0.6379308104515076,
    0.5993236407637597,
    0.6554658979177475,
    0.7015198349952698,
    0.848955325782299,
    1.5122586503624915,
    0.6956488579511643,
    0.8057375505566597,
    1.0042215526103973,
    1.2480367496609688,
    1.9253143936395645,
    2.0953604340553285,
    2.177537536621094,
    2.17543762922287,
    2.287610948085785,
    2.295472913980484,
    2.2978826105594634
  ],
  "d_losses": [
    1.0789560705423356,
    1.2788218587636948,
    1.2788296341896057,
    1.3400284498929977,
    1.2352122008800506,
    1.0481588155031205,
    0.8363321140408516,
    1.2701502859592437,
    1.0942576229572296,
    0.8859094172716141,
    0.8387034259736538,
    0.36670136004686354,
    0.33585967794060706,
    0.33069886565208434,
    0.34983346685767175,
    0.3273615799844265,
    0.32630311846733095,
    0.3259301699697971
  ]
}