{
  "config_id": 9,
  "config": {
    "lr_g": 0.0005,
    "lr_d": 0.0001,
    "batch_size": 64,
    "latent_dim": 128,
    "max_epochs": 50,
    "patience": 15,
    "min_delta": 0.01,
    "real_label": 0.9,
    "fake_label": 0.0,
    "noise_std": 0.0,
    "d_train_freq": 2,
    "g_train_freq": 1
  },
  "metrics": {
    "final_g_loss": 0.8382935956120491,
    "final_d_loss": 0.6641536235809327,
    "min_g_loss": 0.6947648108005524,
    "training_epochs": 16,
    "training_time": 26.197787046432495,
    "g_loss_std": 0.03211345457795891,
    "d_loss_std": 0.00989298275914379,
    "mode_collapse": false,
    "generation_success": true,
    "character_diversity": 2,
    "repetition_score": 0.6928571428571428,
    "quality_score": 35.257788943296
  },
  "g_losses": [
    0.6947648108005524,
    0.7010990127921104,
    0.7152344807982445,
    0.7341647192835807,
    0.7452601000666619,
    0.7854087486863136,
    0.7574230030179023,
    0.7392556220293045,
    0.7871228441596031,
    0.8067316636443138,
    0.8279483199119568,
    0.7764550164341927,
    0.7456470593810082,
    0.7796180874109269,
    0.8111974835395813,
    0.8382935956120491
  ],
  "d_losses": [
    0.69282086789608,
    0.7017091184854507,
    0.6931431472301484,
    0.689465144276619,
    0.6900836676359177,
    0.6838517963886261,
    0.6867781311273575,
    0.6947651445865631,
    0.6881160587072372,
    0.6800165772438049,
    0.6752277731895446,
    0.6953626960515976,
    0.6690595239400864,
    0.6885587215423584,
    0.6823293268680573,
    0.6641536235809327
  ]
}