{
  "config_id": 29,
  "config": {
    "lr_g": 0.0005,
    "lr_d": 0.0001,
    "batch_size": 16,
    "latent_dim": 100,
    "max_epochs": 50,
    "patience": 10,
    "min_delta": 0.01,
    "real_label": 1.0,
    "fake_label": 0.0,
    "noise_std": 0.02,
    "d_train_freq": 2,
    "g_train_freq": 1
  },
  "metrics": {
    "final_g_loss": 1.0518504062408134,
    "final_d_loss": 0.49249256468271907,
    "min_g_loss": 0.6781579652164555,
    "training_epochs": 11,
    "training_time": 52.95738887786865,
    "g_loss_std": 1.0138037929103536,
    "d_loss_std": 0.12766974570538334,
    "mode_collapse": false,
    "generation_success": true,
    "character_diversity": 6,
    "repetition_score": 0.7642857142857143,
    "quality_score": 27.15895159838847
  },
  "g_losses": [
    0.6781579652164555,
    0.699855504156668,
    1.03027773695656,
    0.7361932892965365,
    0.7977909068518048,
    1.1315395388327822,
    0.8136095597019678,
    2.189043688293306,
    4.142139001336845,
    0.96613589230972,
    1.0518504062408134
  ],
  "d_losses": [
    0.6935106183909163,
    0.6857188419450687,
    0.6156567186117172,
    0.6826368268532089,
    0.6483233359795583,
    0.6150421173889425,
    0.6129052042961121,
    0.5180158883899073,
    0.22989288914382836,
    0.5422048263157471,
    0.49249256468271907
  ]
}