{
  "config_id": 39,
  "config": {
    "lr_g": 0.0001,
    "lr_d": 0.0001,
    "batch_size": 16,
    "latent_dim": 64,
    "max_epochs": 50,
    "patience": 15,
    "min_delta": 0.001,
    "real_label": 0.9,
    "fake_label": 0.1,
    "noise_std": 0.0,
    "d_train_freq": 2,
    "g_train_freq": 1
  },
  "metrics": {
    "final_g_loss": 1.4351130961617338,
    "final_d_loss": 0.4216820857947386,
    "min_g_loss": 0.7356891922558411,
    "training_epochs": 17,
    "training_time": 73.27764201164246,
    "g_loss_std": 0.20074392088712603,
    "d_loss_std": 0.06452446275773203,
    "mode_collapse": false,
    "generation_success": true,
    "character_diversity": 2,
    "repetition_score": 0.6214285714285714,
    "quality_score": 49.21199342319582
  },
  "g_losses": [
    0.7764110859436325,
    0.7356891922558411,
    0.9060307092304472,
    0.9685183431528792,
    1.2024848917617073,
    0.9258995482438728,
    1.109232078624677,
    1.2181542870364612,
    1.2577483035341095,
    0.9862030571020102,
    1.2247582081752488,
    1.7617518577394606,
    1.5257143348078184,
    1.2126599320127993,
    1.3340177064455008,
    1.4131357741506794,
    1.4351130961617338
  ],
  "d_losses": [
    0.6191317099559156,
    0.6574548596068274,
    0.5467317172243625,
    0.570425189748595,
    0.5691282024866418,
    0.5656219056889981,
    0.4895524205286292,
    0.5929450313501721,
    0.4565497897093809,
    0.5745338680623453,
    0.46542206029348737,
    0.3622027873238431,
    0.48252601299104814,
    0.47260401671445823,
    0.4599625792684434,
    0.43500022043155717,
    0.4216820857947386
  ]
}