{
  "config_id": 4,
  "config": {
    "lr_g": 0.0005,
    "lr_d": 0.0002,
    "batch_size": 16,
    "latent_dim": 64,
    "max_epochs": 50,
    "patience": 10,
    "min_delta": 0.005,
    "real_label": 1.0,
    "fake_label": 0.0,
    "noise_std": 0.02,
    "d_train_freq": 1,
    "g_train_freq": 1
  },
  "metrics": {
    "final_g_loss": 2.6828601013256024,
    "final_d_loss": 0.27514334793992434,
    "min_g_loss": 0.8749102437043492,
    "training_epochs": 13,
    "training_time": 55.57814002037048,
    "g_loss_std": 0.7714723570494344,
    "d_loss_std": 0.16967699425315122,
    "mode_collapse": false,
    "generation_success": true,
    "character_diversity": 7,
    "repetition_score": 0.6928571428571428,
    "quality_score": 47.400248512788906
  },
  "g_losses": [
    1.3952476208723044,
    1.108411734617209,
    0.8749102437043492,
    4.414363661898842,
    1.4789760961562772,
    2.440762802064006,
    2.260545674004132,
    1.893894542621661,
    1.8438846778266038,
    2.306228925910177,
    1.8521763938891738,
    2.0355040842219245,
    2.6828601013256024
  ],
  "d_losses": [
    1.3443482910530478,
    1.2117851792445666,
    1.244632421792308,
    0.4335703699955646,
    0.9075971573025365,
    0.6828027844098927,
    0.6389822318937771,
    0.6834073096890992,
    0.639985217229475,
    0.6171675992634478,
    0.8139442851460432,
    0.5470677180380761,
    0.27514334793992434
  ]
}