{
  "config_id": 20,
  "config": {
    "lr_g": 0.0001,
    "lr_d": 0.0001,
    "batch_size": 64,
    "latent_dim": 100,
    "max_epochs": 50,
    "patience": 15,
    "min_delta": 0.01,
    "real_label": 1.0,
    "fake_label": 0.1,
    "noise_std": 0.02,
    "d_train_freq": 2,
    "g_train_freq": 1
  },
  "metrics": {
    "final_g_loss": 0.8764703929424286,
    "final_d_loss": 0.5878838211297989,
    "min_g_loss": 0.5169519305229187,
    "training_epochs": 30,
    "training_time": 66.29885506629944,
    "g_loss_std": 0.533676309229078,
    "d_loss_std": 0.22028519929076743,
    "mode_collapse": false,
    "generation_success": true,
    "character_diversity": 2,
    "repetition_score": 0.6214285714285714,
    "quality_score": 45.29022833271253
  },
  "g_losses": [
    0.8609811395406723,
    0.7886189162731171,
    0.7050971388816833,
    0.7744177147746086,
    0.6232684843242169,
    0.5625780709087849,
    0.6156641647219658,
    0.6287986315786839,
    1.0552764505147934,
    0.6682191997766495,
    0.637099689245224,
    0.674359330534935,
    0.7250259771943093,
    0.8091806054115296,
    0.5169519305229187,
    0.6201471656560897,
    0.7294316366314888,
    0.770338836312294,
    0.774603545293212,
    0.9278151020407677,
    0.6872226506471634,
    1.2476494073867799,
    1.9943869918584824,
    2.1727278977632523,
    1.3665228202939033,
    0.6732726708054543,
    0.6781052306294442,
    0.7632475167512893,
    0.760035328567028,
    0.8764703929424286
  ],
  "d_losses": [
    0.6270189791917801,
    0.5844091266393662,
    0.6206326961517334,
    0.5567562103271484,
    0.5741775274276734,
    0.7450034409761429,
    0.7055925667285919,
    0.733109912276268,
    0.507925109565258,
    0.6749437570571899,
    0.6913881242275238,
    0.6504281491041184,
    0.6135554552078247,
    0.5553965747356415,
    0.7350155085325241,
    0.6592235743999482,
    0.5973289787769318,
    0.5583879232406617,
    0.6551562830805778,
    0.4715862676501274,
    1.008554807305336,
    0.5071452274918556,
    0.23209218606352805,
    0.18713663816452025,
    0.5027931466698646,
    0.6765929639339447,
    0.6564405024051666,
    0.5848632246255875,
    0.6446234315633774,
    0.5878838211297989
  ]
}