{
  "config_id": 27,
  "config": {
    "lr_g": 0.0001,
    "lr_d": 0.0002,
    "batch_size": 64,
    "latent_dim": 100,
    "max_epochs": 50,
    "patience": 15,
    "min_delta": 0.01,
    "real_label": 1.0,
    "fake_label": 0.1,
    "noise_std": 0.0,
    "d_train_freq": 1,
    "g_train_freq": 1
  },
  "metrics": {
    "final_g_loss": 2.266106462478638,
    "final_d_loss": 0.32985941916704176,
    "min_g_loss": 1.0358165986835957,
    "training_epochs": 28,
    "training_time": 56.96126437187195,
    "g_loss_std": 0.17897040780321177,
    "d_loss_std": 0.07441638441392526,
    "mode_collapse": false,
    "generation_success": true,
    "character_diversity": 1,
    "repetition_score": 0.5857142857142857,
    "quality_score": 62.98448809237385
  },
  "g_losses": [
    1.7879113256931305,
    1.6822324469685555,
    1.7891667306423187,
    2.654510256648064,
    1.9072619304060936,
    1.1915994003415107,
    1.2644415259361268,
    1.545296487212181,
    1.734016689658165,
    2.2082428177818656,
    2.9284181535243987,
    1.1650724321603776,
    1.0358165986835957,
    1.192805778980255,
    1.311368653178215,
    1.4768021732568741,
    1.3640509039163589,
    1.7397612482309341,
    2.0126334875822067,
    1.8463970065116881,
    1.7816976204514503,
    1.9439393520355224,
    1.825125515460968,
    2.013228879868984,
    2.19420048892498,
    2.235716837644577,
    2.2547077178955077,
    2.266106462478638
  ],
  "d_losses": [
    0.6441929243505001,
    0.6194715730845928,
    0.47944133058190347,
    0.3647485256195068,
    0.8345561996102333,
    0.7858967080712318,
    0.7268243804574013,
    0.5556605234742165,
    0.912618876248598,
    1.307640915364027,
    0.3695778027176857,
    0.9183173783123493,
    1.1123894900083542,
    0.7157733961939812,
    0.6486510083079338,
    0.7209438741207123,
    0.7415329158306122,
    0.47629842832684516,
    0.37681006267666817,
    0.501711905002594,
    0.5442001298069954,
    0.41098545044660567,
    0.45510184615850446,
    0.4617214024066925,
    0.3410968817770481,
    0.3338938646018505,
    0.3312537096440792,
    0.32985941916704176
  ]
}