{
  "config_id": 3,
  "config": {
    "lr_g": 0.0001,
    "lr_d": 0.0001,
    "batch_size": 16,
    "latent_dim": 128,
    "max_epochs": 50,
    "patience": 10,
    "min_delta": 0.001,
    "real_label": 1.0,
    "fake_label": 0.1,
    "noise_std": 0.0,
    "d_train_freq": 1,
    "g_train_freq": 1
  },
  "metrics": {
    "final_g_loss": 1.2027434710460374,
    "final_d_loss": 0.7597237497190886,
    "min_g_loss": 0.9457210181634638,
    "training_epochs": 12,
    "training_time": 48.746721029281616,
    "g_loss_std": 0.20979729113595796,
    "d_loss_std": 0.2022525148702437,
    "mode_collapse": false,
    "generation_success": true,
    "character_diversity": 2,
    "repetition_score": 0.6571428571428571,
    "quality_score": 43.36213545185445
  },
  "g_losses": [
    1.1065502061119563,
    0.9457210181634638,
    1.2746241794356816,
    1.2469604568013661,
    1.1652908390270005,
    1.1697797756406325,
    1.4830697209020205,
    1.6537903456748286,
    1.773819178720064,
    1.535418154270966,
    1.2208042031602016,
    1.2027434710460374
  ],
  "d_losses": [
    0.9303263359809224,
    1.0620861887177335,
    0.740340237941923,
    1.1293877067067954,
    0.9702454537530488,
    0.7640882677669767,
    0.6109470415718948,
    0.507118708725217,
    0.47817378802390037,
    1.0052968261739876,
    0.8405067128471181,
    0.7597237497190886
  ]
}