{
  "config_id": 43,
  "config": {
    "lr_g": 0.0005,
    "lr_d": 0.0001,
    "batch_size": 32,
    "latent_dim": 128,
    "max_epochs": 50,
    "patience": 15,
    "min_delta": 0.001,
    "real_label": 0.9,
    "fake_label": 0.1,
    "noise_std": 0.02,
    "d_train_freq": 2,
    "g_train_freq": 1
  },
  "metrics": {
    "final_g_loss": 0.8947301393822779,
    "final_d_loss": 0.5651645449143422,
    "min_g_loss": 0.6671505638315708,
    "training_epochs": 20,
    "training_time": 54.04130268096924,
    "g_loss_std": 0.3255293220903361,
    "d_loss_std": 0.12203927559710467,
    "mode_collapse": false,
    "generation_success": true,
    "character_diversity": 3,
    "repetition_score": 0.7642857142857143,
    "quality_score": 28.146376575703023
  },
  "g_losses": [
    0.6863734073276762,
    0.6926542098009134,
    0.72172701509693,
    0.7082005641128444,
    0.6671505638315708,
    0.8124365768855131,
    0.7483404139174691,
    0.7439245475998407,
    0.8246613273137733,
    1.1119923297362992,
    0.7248868323579619,
    0.9652711892429786,
    1.515249724629559,
    1.8135480741156806,
    1.2015479523924333,
    1.239790848161601,
    0.7283081178423725,
    1.1183597460577759,
    0.9886823832234249,
    0.8947301393822779
  ],
  "d_losses": [
    0.7034694273260576,
    0.7021046831637998,
    0.6977033856548841,
    0.694152602666541,
    0.6965717846834207,
    0.6534951246237453,
    0.6992524153069605,
    0.681908360010461,
    0.6211439718174029,
    0.6255033363269854,
    0.7008289309996593,
    0.5564865002149268,
    0.3828010883512376,
    0.40020640288727194,
    0.4794602062128767,
    0.5000467896461487,
    0.785221465026276,
    0.49532651373102693,
    0.6487510121321376,
    0.5651645449143422
  ]
}