{
  "config_id": 25,
  "config": {
    "lr_g": 0.0001,
    "lr_d": 0.0001,
    "batch_size": 16,
    "latent_dim": 128,
    "max_epochs": 50,
    "patience": 10,
    "min_delta": 0.005,
    "real_label": 1.0,
    "fake_label": 0.0,
    "noise_std": 0.0,
    "d_train_freq": 2,
    "g_train_freq": 1
  },
  "metrics": {
    "final_g_loss": 1.7680190103717996,
    "final_d_loss": 0.30590490761059747,
    "min_g_loss": 0.7103113865927805,
    "training_epochs": 12,
    "training_time": 51.10531210899353,
    "g_loss_std": 0.35356959848388775,
    "d_loss_std": 0.1466459006585204,
    "mode_collapse": false,
    "generation_success": true,
    "character_diversity": 2,
    "repetition_score": 0.7642857142857143,
    "quality_score": 39.01946666756601
  },
  "g_losses": [
    0.8093693207336378,
    0.7103113865927805,
    0.9082964990712419,
    1.3919376774302012,
    0.9081912374571909,
    0.7854526390003252,
    0.9285315018665942,
    1.262253887291196,
    1.7216695377343818,
    0.9212996794641772,
    1.551151818866971,
    1.7680190103717996
  ],
  "d_losses": [
    0.5938138856163507,
    0.6365250530122202,
    0.554396438447735,
    0.4440439092584803,
    0.6954203700717492,
    0.678264319896698,
    0.5344399266605135,
    0.3624137630568275,
    0.28896030661048766,
    0.5995156565044499,
    0.3230065075279791,
    0.30590490761059747
  ]
}