{
  "config_id": 37,
  "config": {
    "lr_g": 0.0005,
    "lr_d": 0.0002,
    "batch_size": 64,
    "latent_dim": 64,
    "max_epochs": 50,
    "patience": 10,
    "min_delta": 0.001,
    "real_label": 0.9,
    "fake_label": 0.1,
    "noise_std": 0.02,
    "d_train_freq": 1,
    "g_train_freq": 1
  },
  "metrics": {
    "final_g_loss": 0.8689754322171211,
    "final_d_loss": 1.1615190654993057,
    "min_g_loss": 0.7380006611347198,
    "training_epochs": 13,
    "training_time": 27.977378606796265,
    "g_loss_std": 0.2910734445236453,
    "d_loss_std": 0.11631910263249672,
    "mode_collapse": false,
    "generation_success": true,
    "character_diversity": 2,
    "repetition_score": 0.6571428571428571,
    "quality_score": 40.430835830503725
  },
  "g_losses": [
    0.8958935827016831,
    0.9627007648348809,
    0.7380006611347198,
    0.9872519738972187,
    1.0548649042844773,
    0.9499081656336784,
    1.5739874064922332,
    1.6494308412075043,
    0.9069217160344124,
    1.056571088731289,
    0.7810049548745155,
    0.7764221712946892,
    0.8689754322171211
  ],
  "d_losses": [
    1.2353743135929107,
    1.1132297784090042,
    1.3737858653068542,
    1.358692866563797,
    1.2184289768338203,
    1.0921400800347327,
    1.0633079290390015,
    1.3469635382294656,
    1.1143741995096206,
    1.2831165969371796,
    1.3921947538852693,
    1.3367797255516052,
    1.1615190654993057
  ]
}