{
  "config_id": 15,
  "config": {
    "lr_g": 0.0001,
    "lr_d": 0.0001,
    "batch_size": 64,
    "latent_dim": 100,
    "max_epochs": 50,
    "patience": 10,
    "min_delta": 0.01,
    "real_label": 1.0,
    "fake_label": 0.0,
    "noise_std": 0.0,
    "d_train_freq": 1,
    "g_train_freq": 1
  },
  "metrics": {
    "final_g_loss": 1.8663592979311943,
    "final_d_loss": 1.2931629061698913,
    "min_g_loss": 0.8559490263462066,
    "training_epochs": 14,
    "training_time": 24.459545612335205,
    "g_loss_std": 0.41078002261666324,
    "d_loss_std": 0.2585048606739609,
    "mode_collapse": false,
    "generation_success": true,
    "character_diversity": 3,
    "repetition_score": 0.8,
    "quality_score": 34.71749309239526
  },
  "g_losses": [
    1.3467295810580253,
    1.2228966146707534,
    1.0430553004145622,
    0.8559490263462066,
    0.989978538453579,
    1.2027751550078392,
    1.320687684416771,
    1.4549581229686737,
    1.8251655757427216,
    2.4574562191963194,
    1.4003256186842918,
    1.1398330166935922,
    1.6289807111024857,
    1.8663592979311943
  ],
  "d_losses": [
    0.8094039846211671,
    0.7795105513185263,
    0.9461912930011749,
    1.1715189203619958,
    0.9946001634001732,
    0.7776861980557441,
    0.7373172074556351,
    0.641764922440052,
    0.8209630087018013,
    0.3025246750563383,
    0.8810150131583214,
    0.9688513815402985,
    0.5260989546775818,
    1.2931629061698913
  ]
}