{
  "config_id": 19,
  "config": {
    "lr_g": 0.0001,
    "lr_d": 0.0001,
    "batch_size": 16,
    "latent_dim": 128,
    "max_epochs": 50,
    "patience": 15,
    "min_delta": 0.001,
    "real_label": 0.9,
    "fake_label": 0.1,
    "noise_std": 0.0,
    "d_train_freq": 1,
    "g_train_freq": 1
  },
  "metrics": {
    "final_g_loss": 1.9899797628197489,
    "final_d_loss": 0.6896602635896658,
    "min_g_loss": 0.9962593086912662,
    "training_epochs": 17,
    "training_time": 69.57660150527954,
    "g_loss_std": 0.07638967151105094,
    "d_loss_std": 0.01949618460500384,
    "mode_collapse": false,
    "generation_success": true,
    "character_diversity": 3,
    "repetition_score": 0.7642857142857143,
    "quality_score": 37.85317455718131
  },
  "g_losses": [
    1.0604863902436028,
    0.9962593086912662,
    1.3195646756057497,
    1.3024593154086341,
    1.039622415847416,
    1.4036878883084165,
    1.6676978423625608,
    1.7687551545191416,
    1.9779301602629167,
    1.861815540850917,
    1.756915491593035,
    1.8413284866115716,
    1.86737517465519,
    1.8720663091804408,
    1.8732362019864819,
    1.9643642295010482,
    1.9899797628197489
  ],
  "d_losses": [
    1.0376362468622908,
    1.0657523719570305,
    0.9885579234437097,
    1.0896951824049406,
    1.0671158455595184,
    0.8481566226935084,
    0.7517915617061567,
    0.7506594307060483,
    0.6917905984800073,
    0.7126908302307129,
    0.7386935323099547,
    0.710682449084294,
    0.7121112029763716,
    0.7109384721593012,
    0.7062840284426001,
    0.7411529108693328,
    0.6896602635896658
  ]
}